Country Name,Country Code,GDP_per_capita,Unemployment_rate,Inflation_CPI,Life_expectancy,School_enrollment,Income group
Albania,ALB,-0.5860458448375345,0.7535913548209978,-0.28432664954925346,0.5414618880758347,0.1302298375808513,Upper middle income
Algeria,DZA,-0.690977464679562,1.2028217253560984,-0.1429798288020956,0.06625705837912285,0.45464088742523184,Upper middle income
Argentina,ARG,-0.3532235087416047,0.07598357092649517,3.371629134664565,0.008116467473046526,0.8854287082967343,Upper middle income
Armenia,ARM,-0.6305069933030744,1.4128964074578454,-0.1777337574540906,-0.17911177660246658,-0.12164952742914147,Upper middle income
Australia,AUS,1.568093651958498,-0.5497664744046524,-0.29162158447076214,1.3390499942827019,1.7440176205745856,High income
Austria,AUT,1.0866044513551958,-0.29271478207492524,-0.18296634877018697,0.9961684604405585,0.3158480715189622,High income
Azerbaijan,AZE,-0.5855343547588548,-0.15890148021340578,0.11223347020753695,-0.29446660779974565,-0.1556545951853794,Upper middle income
Bahrain,BHR,0.2661749787608507,-1.0382460353033904,-0.4567853535294922,0.9416059548999977,0.4027082197285399,High income
Bangladesh,BGD,-0.7751662894078557,-0.3738568906505274,-0.23025692741949724,-0.2692663516794654,-1.229031660782306,Lower middle income
Belarus,BLR,-0.5771277753415703,-0.5810844812233059,0.1877621502606268,-0.2983607943779205,0.2082258406424623,Upper middle income
Belgium,BEL,1.0216558604649153,-0.17517057466465433,-0.12450706072834755,1.0778278275773623,2.176733698757468,High income
Belize,BLZ,-0.6118877866165988,0.47416965762080365,-0.30927126482619355,-0.6427701477479042,-0.31341528864089935,Upper middle income
Benin,BEN,-0.8295730102302442,-0.9652384739534124,-0.5833676796989975,-2.7514915795270625,-2.282804874594337,Lower middle income
Bhutan,BTN,-0.737839474252748,-0.09850246706314555,-0.3447553242769793,-0.5412491159490599,-0.19919742098011006,Lower middle income
Bolivia,BOL,-0.7187741268390169,-0.5855584821973993,-0.5613586782603622,-1.4988588485197079,-0.18169180279411654,Lower middle income
Bosnia and Herzegovina,BIH,-0.5898491960081855,1.2660678300353272,0.1216137967801373,0.18289824385013323,-0.3314032590842985,Upper middle income
Brazil,BRA,-0.5288509070830153,0.5693438601606078,-0.1421679873442388,-0.1600052412151079,0.5211101513985396,Upper middle income
Brunei Darussalam,BRN,0.4973906425142604,-0.25224540962744446,-0.45364109323813323,-0.5119088177518771,-0.2051017893833015,High income
Bulgaria,BGR,-0.3518350477642503,-0.4399500868587247,0.19419339875289485,-0.2879909321848659,0.10103750053840385,High income
Burkina Faso,BFA,-0.8460480577862936,-0.2119794008606042,0.13660313622065637,-2.710991167905183,-2.7289212416626807,Low income
Cabo Verde,CPV,-0.7148775448665105,1.182485357292038,-0.2172382134672735,0.0262966522455342,0.09024387544441524,Upper middle income
Cambodia,KHM,-0.789853835817166,-1.2609292656048552,-0.36119538875106355,-0.9419331882615145,-1.7633183938037522,Lower middle income
Cameroon,CMR,-0.8168742402639263,-0.565018750452698,-0.31089689035367957,-2.397247979207696,-2.1909716123974783,Lower middle income
Canada,CAN,1.2336852992421243,-0.23434940573107105,-0.2800089558770696,0.9872122714152287,0.5861103597039788,High income
Chile,CHL,-0.2990656097027532,0.36964072577153184,-0.010644795195300573,0.6147226326540772,0.5227771311481006,High income
Colombia,COL,-0.6264371374185587,0.8369704638836467,-0.09225059006030989,0.1344777517333082,0.3210445380545527,Upper middle income
Costa Rica,CRI,-0.3658411747097469,0.9951874074220386,-0.19810612502784417,0.6399228887743575,1.6825414187435055,High income
Croatia,HRV,-0.1842561443700811,0.1075049414257893,-0.05867932688285531,0.3266494616512447,0.500760192208801,High income
Cyprus,CYP,0.36975070664391785,0.07618693460713584,-0.19138974621926455,0.8411649340777368,0.43019950079355107,High income
Czechia,CZE,0.1840692524068328,-0.8556254500881253,0.18166884265868644,0.5703104734755426,0.382166660584172,High income
Denmark,DNK,1.666080870876672,-0.4061917158723839,-0.23027848143519636,0.9979245762886669,1.6115982231178574,High income
Dominican Republic,DOM,-0.4979749530734546,-0.18859257758693454,-0.16826463077168227,-0.2789864504687167,-0.8030906580734186,Upper middle income
Ecuador,ECU,-0.6326227349860458,-0.5430554729435124,-0.46566414156571173,0.14689787796401818,-0.012901939461555212,Upper middle income
El Salvador,SLV,-0.6866889347288697,-0.698018597591655,-0.2579852144480404,-0.6825505520520614,-1.3103465661755023,Upper middle income
Estonia,EST,0.18625139795079027,-0.17496721098401385,0.42082148719550805,0.3749426348740737,0.8137821521461136,High income
Fiji,FJI,-0.6739500682980875,-0.4037513517046967,-0.418149145157707,-1.5503393717368519,0.03976037226306881,Upper middle income
Finland,FIN,1.0154578937497791,0.058494294391403086,-0.2621643599446909,0.9768511915114308,2.2635563420658813,High income
France,FRA,0.6608184833700487,0.1782755022887205,-0.3679466596224423,1.1463163276533757,0.44414556094688806,High income
Georgia,GEO,-0.6245835745026654,1.0606705125883142,0.0035047670808309246,-0.29158657852885556,0.41693559805926333,Upper middle income
Germany,DEU,1.0179326515331946,-0.6734115922341415,-0.276126668367469,0.8724940328878973,0.28709096413263474,High income
Ghana,GHA,-0.7934234950996094,-0.6807326847372034,1.0805979290228578,-1.8927028513138011,-0.7452556426420973,Lower middle income
Greece,GRC,-0.09342000897417535,1.2190908198073471,-0.12185028559911495,0.9048504597392008,0.5294371730398895,High income
Guatemala,GTM,-0.6760294219909077,-0.6874436861983434,-0.2754281534598176,-0.8198919479075867,-2.178137055053463,Upper middle income
Honduras,HND,-0.7644053001698224,0.4764066581078502,-0.15276585598584091,-0.5482691872968525,-1.8205048769617351,Lower middle income
"Hong Kong SAR, China",HKG,0.9548731759706653,-0.42978190282669443,-0.5538449419777672,1.4220264474055744,0.5280231269541964,High income
Hungary,HUN,-0.18566363079356576,-0.5739667524008847,0.15429204389090292,0.01932926383317955,0.38095546682113307,High income
Iceland,ISL,1.9876063311169534,-0.5373612898855754,-0.19621541486989932,1.144560213605287,0.8154672784149908,High income
India,IND,-0.7890127122403348,-0.3272866077838284,-0.28578270832159464,-0.7313310478277467,-0.5729477877128757,Lower middle income
Indonesia,IDN,-0.6995872039467029,-0.6038612134550538,-0.4243060957882701,-0.8704724619775787,0.1524153959704769,Upper middle income
Ireland,IRL,3.069702019109885,-0.3925663492694632,-0.22288426187558735,1.2148048295294087,1.7383276970812587,High income
Israel,ISR,1.1846394734561585,-0.5564774758657925,-0.4130574639989198,1.2490490795674154,0.09714605554910563,High income
Italy,ITA,0.4606573191480087,0.3330352632562226,-0.2021949402733714,1.2490490795674154,0.31117381450176623,High income
Jamaica,JAM,-0.6284621126365549,-0.47757236777723694,-0.08266147320137188,-0.7703914448141808,-0.5189696051304353,Upper middle income
Japan,JPN,0.4010652293604825,-0.7791607061672571,-0.5195510971067149,1.4823929139341139,0.355344318659856,High income
Jordan,JOR,-0.7145421887263781,2.3933127118262116,-0.4232104560716686,0.23887881280304005,-0.15393871139661217,Lower middle income
Kazakhstan,KAZ,-0.4547854715505759,-0.3195587879194853,0.17764592253159053,-0.40642774570556184,-0.016949975043457837,Upper middle income
Kenya,KEN,-0.7979382571041175,-0.14730975041689126,-0.2323207647210408,-2.1981659558574824,-0.47788512551612294,Lower middle income
"Korea, Rep.",KOR,0.4294591680619872,-0.7268962402426211,-0.3753388464866866,1.2455368478711988,0.15247689664744268,High income
Lao PDR,LAO,-0.8003079857351804,-1.0620395859383416,0.618791676904212,-1.2682765050191431,-1.6850624516151647,Lower middle income
Latvia,LVA,-0.11838682649384975,0.07801720773290138,0.3046431213687752,-0.26691754740762735,0.46425752380055496,High income
Lebanon,LBN,-0.7399769797673986,1.0511124195982056,8.867603718204219,0.4035804867320152,-1.3428906434334391,Lower middle income
Lithuania,LTU,0.06413770526672606,-0.09687555761802069,0.43789133975147376,-0.021061389873184108,0.5609296561371737,High income
Luxembourg,LUX,3.764915649882691,-0.37487370905373046,-0.30598202386777784,1.293390993032013,0.6022856768912704,High income
"Macao SAR, China",MAC,0.5039178019384242,-0.8031576204828487,-0.600380103102401,1.3175375796434288,-0.18850291995747667,High income
Malawi,MWI,-0.8544173894382567,-0.28356341644609795,0.5073833240927984,-1.7503214042342163,-2.6442163878237253,Low income
Malaysia,MYS,-0.4360542529111425,-0.5086870109152498,-0.4705311648170803,-0.05704419478081984,-0.6995940560925309,Upper middle income
Maldives,MDV,-0.43487418823687246,-0.4092421710819931,-0.5287074296863029,0.8998455304721049,-0.9379602781920612,Upper middle income
Malta,MLT,0.46009386622996495,-0.7138809646816223,-0.31612279111296454,1.2038291081787638,0.37137101661697336,High income
Mexico,MEX,-0.44914036875905095,-0.645754131667019,-0.21916636189880756,-0.32182688587319286,0.1766929576390772,Upper middle income
Moldova,MDA,-0.6615617754002336,-1.1254890542982108,0.9404593846991605,-0.7586913259011914,0.14330005012206196,Upper middle income
Mongolia,MNG,-0.6897313562271477,-0.04481445537402526,0.1844958577496011,-0.6948389691441568,-0.03905587681120369,Upper middle income
Montenegro,MNE,-0.5009653767258777,1.7122477453608191,0.0670550530038084,0.07684204435856755,-0.10143783232866341,Upper middle income
Morocco,MAR,-0.7471516504604911,0.6228285081690873,-0.28811921257676704,-0.10798471250967212,-0.44729443107054934,Lower middle income
Namibia,NAM,-0.7138838008319798,2.6973414143839194,-0.3201554133375464,-2.0827847831924853,-0.5657429198059863,Lower middle income
Nepal,NPL,-0.82508994497093,0.8973694770339067,-0.2317452584857813,-1.0213139950403975,-0.4631260600043315,Lower middle income
Netherlands,NLD,1.341238064256384,-0.5908459378940552,-0.10204480038416777,1.0536812409659466,1.9904401849445927,High income
New Zealand,NZL,0.9651486822136233,-0.637416220760754,-0.2594536713712236,1.1155843093115831,0.9135625817133274,High income
North Macedonia,MKD,-0.5917010763237835,1.6359863651205915,0.13184478010008444,-0.24048801019367222,-0.1332754956168845,Upper middle income
Norway,NOR,3.222741339038285,-0.6508382236830341,-0.3378025588330541,1.2148048295294087,1.123061965864996,High income
Oman,OMN,-0.005732740809882255,-0.6368061297188323,-0.5190814981837344,0.3870203184244027,-0.11025421213936515,High income
Pakistan,PAK,-0.8193713870806872,-0.19245648751910593,0.44728439376132706,-1.501918879620027,-2.423869453837277,Lower middle income
Paraguay,PRY,-0.6442525189122346,0.06581538689446485,-0.11515623121847621,-0.6195499117513594,-0.5437149354129682,Upper middle income
Peru,PER,-0.6012915483919804,-0.5249561053664984,-0.19482709345049154,0.19315834812767627,0.41160624406451085,Upper middle income
Philippines,PHL,-0.7439649863118974,-0.7795674335285384,-0.33462904947314237,-1.1320151201402013,-0.09558953725364794,Lower middle income
Poland,POL,-0.16828482957818947,-0.736250969552089,0.14434928633532743,0.2511364981828005,0.6311194906874699,High income
Portugal,PRT,0.04668082381853906,-0.08548719150214669,-0.22270432404517357,1.0567544428001263,1.189652106393264,High income
Qatar,QAT,2.451020751942888,-1.2814689973495563,-0.3805823967305245,1.0973075373574421,0.38363879079216745,High income
Romania,ROU,-0.29539104553537116,-0.1662225727164677,0.10907468709456798,-0.10930618874036464,-0.5111148036780506,High income
Russian Federation,RUS,-0.2910363408980178,-0.521498922795608,0.10619195649808127,-0.578759740384536,-0.0739702157970288,High income
Rwanda,RWA,-0.8404898495017422,1.7596314829500803,0.32572716334369906,-1.4819386765532325,-2.256141226966213,Low income
Saudi Arabia,SAU,0.5678275859104724,-0.17130666473248277,-0.5208658536717213,0.2788392189366287,1.244944465470166,High income
Senegal,SEN,-0.8180317118316431,-0.7309635138554332,-0.11898145547403421,-1.4351382009012852,-2.2013394653003107,Lower middle income
Serbia,SRB,-0.5009550379922094,0.40827982509324706,0.008142280986547368,-0.0943792076314856,-0.11072744176493493,Upper middle income
Singapore,SGP,2.510963288219423,-0.5776272986524156,-0.3173915303193381,1.2841713875294762,0.38549892347574977,High income
Slovak Republic,SVK,-0.07723860233438187,-0.05864318565758664,0.05224566263328647,0.21689224814479122,-0.09949279476076323,High income
Slovenia,SVN,0.18699885969193408,-0.4922145527833607,-0.16700675590249614,0.993973316530433,0.6038588315506055,High income
South Africa,ZAF,-0.6319224778279556,5.4575966517188785,-0.2668179374408597,-1.8552624707922425,0.4539584921220555,Upper middle income
Spain,ESP,0.2605085343917155,1.318942387001885,-0.19166275898483073,1.3271962150080026,1.1038958123450817,High income
Sri Lanka,LKA,-0.7516728978957858,-0.387075529892167,2.1080297887033663,0.27703920064232207,-0.2795886689889561,Lower middle income
St. Lucia,LCA,-0.3854296715397414,1.9324906114945963,-0.3036373536657171,-0.5563692696212286,-0.3023595327441033,Upper middle income
Suriname,SUR,-0.6487995051230792,0.3515413581945177,2.2596487190184797,-0.45124820123377357,-0.7490729252351639,Upper middle income
Sweden,SWE,1.1804097723820928,0.1953580514625316,-0.1928471079486669,1.3135863216852146,2.0191219593652514,High income
Switzerland,CHE,2.6646256944164124,-0.4696411842322533,-0.5007818159675902,1.4119287839789836,0.4026693458715529,High income
Thailand,THA,-0.6178484375400933,-1.1167444160306648,-0.7481477043947022,-0.0845844746836985,-0.2852281816939959,Upper middle income
Tonga,TON,-0.6783062379552005,-0.839763082998158,-0.04806378455264667,-0.562669333651298,0.1156087875020829,Upper middle income
United Arab Emirates,ARE,1.027434342113248,-0.7238457850330121,-0.3641152658927425,0.8507050310375567,0.3572749727660192,High income
United Kingdom,GBR,0.8885071370027944,-0.5493597470433712,-0.21773233354470878,0.9450655018607567,0.8454338694916737,High income
United States,USA,1.999117344736339,-0.5656288414946198,-0.2132392271429332,0.3011857872537378,0.13700802619503774,High income
Uruguay,URY,-0.0959680049886599,0.29398943657322585,-0.1519456604015348,0.12727767855608674,1.1991580638124126,High income
Uzbekistan,UZB,-0.7803373084132719,-0.3948033497565099,-0.021618579774393014,-0.6505102264134174,0.13272135917132993,Lower middle income
Vanuatu,VUT,-0.7506382584758834,-0.26200686629819364,-0.2868804217969897,-0.8026117722822511,-0.559514910946262,Lower middle income
West Bank and Gaza,PSE,-0.7345141356620405,3.658234805410788,-0.45035971281039944,0.1621980334656183,-0.1923047351450987,Lower middle income
